seq	mir	mism	add	t5	t3	sample1	sample2
ATCGGATCCGTCTGAGCTTGA	hsa-miR-127-3p	0	A	A	0	2	0
ATCGGATCCGTCTGAGCTTGG	hsa-miR-127-3p	0	0	A	0	344	0
ATCGGATCCGTCTGAGCTTGGCA	hsa-miR-127-3p	0	A	A	0	0	3
TCGGATCCGTCTGAGCTTGGCTTGTTT	hsa-miR-127-3p	23TG26-C27-G	TT	0	GGTCG	2	0
TGGGATCCGTCTGAGCTTGGCT	hsa-miR-127-3p	2GC	0	0	0	228	0
TGGGATCCGTCTGAGCTTGGCC	hsa-miR-127-3p	2GC22-T	C	0	0	6	0
TGGGATCCGTCTGAGCTTGGCA	hsa-miR-127-3p	2GC22-T	A	0	0	22	0
CAACGGAATCCCAAAAGCAGCTTT	hsa-miR-191-5p	0	TT	0	0	2	0
AATGGAATCCCAAAAGCAGCTG	hsa-miR-191-5p	1-C4TC	0	0	0	2	0
TACGGAATCCCAAAAGCAGCTG	hsa-miR-191-5p	1TC3-A	0	0	0	0	2
TTCACAGTGGATAAGTTCTG	hsa-miR-27b-3p	11AC21-C	0	0	0	41	0
TTCACAGTGGCTAAGCTCT	hsa-miR-27b-3p	16CT20-G21-C	0	0	0	0	22
TTCACAGTGGCTAAGCTCC	hsa-miR-27b-3p	16-T17-T20-G	C	0	0	0	3
TTCATAGTGGCTAAGTTCTA	hsa-miR-27b-3p	5TC20-G21-C	A	0	0	0	3
TTCATAGTGGCTAAGTTCTG	hsa-miR-27b-3p	5TC21-C	0	0	0	0	170
TAACAGTGGCTAAGTTCTG	hsa-miR-27b-3p	2AT3-C21-C	0	0	0	2	0
TCACAGTGGCTAAGTTCTGT	hsa-miR-27b-3p	0	T	0	0	5	0
TCACAGTGGCTAAGTTCTGA	hsa-miR-27b-3p	0	A	0	0	4	0
TCTCTGGGCTTGTGTCTTAGGCT	hsa-miR-330-5p	10TC	0	0	T	24	0
TCTCTGGGCTTGTGTCTTAGGCG	hsa-miR-330-5p	10TC	G	0	0	2	0
GCAAAGCACACGGCCTGTAGA	hsa-miR-330-3p	18-C19-A20TG	0	0	0	0	2
AACACTCAACGCTGTCGGTGAGTT	hsa-miR-181a-5p	5CT	0	0	T	5	0
AAGATTCAACGCTGTCGGTGAGT	hsa-miR-181a-5p	3GC	0	0	0	56	0
AACATTCACCGCTGTCGGTGAGC	hsa-miR-181a-5p	9CA23-T	C	0	0	6	0
AACATTCACCGCTGTCGGTGAGA	hsa-miR-181a-5p	9CA23-T	A	0	0	6	0
AACATTCACCGCTGTCGGTGAGG	hsa-miR-181a-5p	9CA23-T	G	0	0	6	0
CACATTCAACGCTGTCGGTGAGTT	hsa-miR-181a-5p	1CA	0	0	T	22	0
AACATTCAACGCTGTCGGTAAGT	hsa-miR-181a-5p	20AG	0	0	0	53	0
AATATTCAACGCTGTCGGTGAGTT	hsa-miR-181a-5p	3TC	0	0	T	0	3
AACATTCAACGCGGTCGGTGCGT	hsa-miR-181a-5p	13GT21CA	0	0	0	0	2
AGCATTCAACGCTGTCGGTGAGC	hsa-miR-181a-5p	2GA23-T	C	0	0	0	55
AGCATTCAACGCTGTCGGTGAGG	hsa-miR-181a-5p	2GA23-T	G	0	0	0	51
AGCATTCAACGCTGTCGGTGAGT	hsa-miR-181a-5p	2GA	0	0	0	0	1298
AGCTGGTCTTGTGAATCAGGCCA	hsa-miR-138-5p	8CG23-G	A	0	0	6	0
AGCTGGTCTTGTGAATCAGGCCG	hsa-miR-138-5p	8CG	0	0	0	4	0
CAGCGCAATGATGAAAGGGCAT	hsa-miR-130b-3p	4CT	0	0	0	3	0
TGAGGTAGGAGGTTGTTTAGTT	hsa-let-7e-5p	17TA	0	0	0	3	0
CTTTTTGCGGTCTGGGCTTGCACT	hsa-miR-129-5p	0	ACT	0	0	4	0
AAGCCCTTACCCCAAAAAGCC	hsa-miR-129-2-3p	0	C	0	0	0	4
AAGCCCTTACCCCAAAAAGCA	hsa-miR-129-2-3p	0	0	0	0	0	81
AAGCCCTTACCCCAAAAAGCATA	hsa-miR-129-2-3p	0	A	0	0	0	4
AATCTCGGTCTGAGGCCCCTCAGT	hsa-miR-423-3p	3TG	0	A	0	2	0
AGCTCCGTCTGAGGCCCCTCAGC	hsa-miR-423-3p	6CG23-T	C	0	0	2	0
AGCTCCGTCTGAGGCCCCTCAGT	hsa-miR-423-3p	6CG	0	0	0	4	0
AGCTCGGTCTGAGGCCCCTTATA	hsa-miR-423-3p	20TC22-G	A	0	0	2	0
TGAGGTGGTAGTTTGTGCTGTT	hsa-let-7i-5p	7GA	0	0	0	12	0
TACCCATTGCATATCGGAGTTGCA	hsa-miR-660-5p	0	CA	0	0	7	0
TATACGACCTGCTGCCTTTCG	hsa-let-7d-3p	0	G	0	0	3	0
TATACGACCTGCTGCCTTTCT	hsa-let-7d-3p	0	0	0	0	62	0
AGAGGTAGTAGGTTGCGTAGTT	hsa-let-7d-5p	17GA	0	0	0	3	0
GAGGTAGTAGGTTGCATAGT	hsa-let-7d-5p	0	0	0	0	3	0
CACCCGTAGAACCCACCTTGC	hsa-miR-99b-5p	14CG22-G	0	0	0	3	0
TCTTTGGTTATCTAGCTGTATGATT	hsa-miR-9-5p	0	TT	0	0	23	0
TCTTTGGTTATCTAGCTGTATGATA	hsa-miR-9-5p	24-G	A	0	GT	25	0
ATCATGATGGGCTCCTCGGTGAT	hsa-miR-433-3p	0	AT	0	0	7	0
TAGCACCATTTCAAATCGGTT	hsa-miR-29c-3p	12CG22-A	0	0	0	3	0
CACCATTTGAAATCGGTTATGA	hsa-miR-29c-3p	0	0	0	TGA	2	0
TGCCCTGTGGACTCAGTTCTGG	hsa-miR-146b-3p	0	0	0	0	22	0
CGTGCCACCCTTTTCCCCAGTTA	hsa-miR-1227-3p	0	TTA	0	0	3	0
ACTGGAGTTGGAGTCAGAAGGCA	hsa-miR-378a-3p	7GC	A	0	0	2	0
AATATTATACAGTCAACCTC	hsa-miR-656-3p	0	0	0	0	50	0
AAGCTGCCAGTTGAAGAACTA	hsa-miR-22-3p	0	A	0	0	67	0
AAGCTGCCAGTTGCAGAACTGT	hsa-miR-22-3p	14CA	0	0	0	0	25
AAGCTGCCAGTTGAACAACGGT	hsa-miR-22-3p	16CG20GT	0	0	0	0	2
AAGCTGCCAGTTGCAGAACTGC	hsa-miR-22-3p	14CA22-T	C	0	0	0	4
TCCCTGAGACCCTAACTTGTGAC	hsa-miR-125b-5p	0	C	0	0	58	0
TCCCTGACACCCTAACTTGTGA	hsa-miR-125b-5p	8CG	0	0	0	10	0
TCCCTGACACCCTAACTTGTGT	hsa-miR-125b-5p	8CG22-A	T	0	0	3	0
TCCCTGCGACCCTAACTTGTG	hsa-miR-125b-5p	7CA22-A	0	0	0	0	3
CAAAGAATTCTCCTTTTGGGT	hsa-miR-186-5p	0	T	0	0	5	0
AAAGAATTCTCCTTTTGGCC	hsa-miR-186-5p	1-C20CG22-T	0	0	0	0	2
TGTAAACATCCTTCACTCAGCT	hsa-miR-30b-5p	13TA	0	0	0	2	0
CATAAAGTAGAAAGCCCTACT	hsa-miR-142-5p	16CA	0	0	0	3	0
GTAGTGTTTCCTACTTTATGGATT	hsa-miR-142-3p	0	T	0	TG	0	2
AGCGTTTCCTACTTTATGGATG	hsa-miR-142-3p	1-T2-G3-T6CT	0	0	TG	0	2
CAGTGCAATGTTAAAAGGGAA	hsa-miR-130a-3p	0	AA	0	0	3	0
GTACAGTACTGTGATAACTGCT	hsa-miR-101-3p	0	CT	G	0	4	0
GTACAGTACTGTGATAACTGCA	hsa-miR-101-3p	0	CA	G	0	10	0
GTACAGTACTGTGATAACTGCC	hsa-miR-101-3p	0	CC	G	0	12	0
GTACAGTACTGTCATAACTG	hsa-miR-101-3p	13CG21-A22-A	0	G	0	3	0
TACAGTAATGTGATAACTGA	hsa-miR-101-3p	8AC21-A	0	0	0	2	0
TGAGGTAGAAGTTTGTACAGTT	hsa-let-7g-5p	9AT	0	0	0	58	0
TGCCCTGTAGATCCGAATTTGT	hsa-miR-10a-5p	2GA23-G	0	0	0	2	0
TATTGCACTTGTCCGGGCCTGTT	hsa-miR-92a-3p	15GC	T	0	0	2	0
TATTGCACTTGTCCGGGCCTGTA	hsa-miR-92a-3p	15GC	A	0	0	3	0
TGTAAACATCCCGGACTGGAAGCT	hsa-miR-30d-5p	13GC	0	0	CT	6	0
TGTAAACATCCCAGACTGGAA	hsa-miR-30d-5p	13AC22-G	0	0	0	2	0
CTCCGTTTGCCTGTTTCGCTGA	hsa-miR-1468-5p	0	0	0	A	401	0
CTCCGTTTGCCTGTTTCGCTGC	hsa-miR-1468-5p	0	C	0	0	2	0
CTCCGTTTGCCTGTTTCGCTGT	hsa-miR-1468-5p	0	T	0	0	5	0
ACTGATTTCTTTTGGTGTTCA	hsa-miR-29a-5p	0	0	0	0	19	0
TAGCACCATCTGAATTCGGT	hsa-miR-29a-3p	15TA21-T22-A	0	0	0	0	2
CAGCACCATCTGAAATCGGTTA	hsa-miR-29a-3p	1CT	0	0	0	0	6
AAGGAGCTTACAATCTAGCTGGGTA	hsa-miR-708-5p	0	TA	0	0	2	0
AAGGAGCTTACAATCTAGCTGGGTT	hsa-miR-708-5p	0	TT	0	0	12	0
GTAGATAAAATATTGGTACC	hsa-miR-577	0	0	G	0	98	0
CTAGACTGAAGCTCCATGAGGA	hsa-miR-151a-3p	16AT	0	0	A	0	2
AGACTGAAGCTCCTTGAGGAAA	hsa-miR-151a-3p	0	AA	0	ACA	2	0
ATCACATTGCCAGGGATTA	hsa-miR-23b-3p	0	0	0	0	95	0
ATCACATTGCCCGGGATTACC	hsa-miR-23b-3p	12CA	0	0	0	0	16
GCAGCATTGTACAGGGCTATGA	hsa-miR-103a-3p	0	0	0	0	32	0
GCAGCATTGTACAGGGCTATGT	hsa-miR-103a-3p	0	T	0	0	5	0
TACAATCTACTGTCTTTCCTGT	hsa-let-7a-3p	0	GT	0	CTAN	4	0
TCACACTGAACCGGTCTCTTT	hsa-miR-128-3p	6CG	0	0	0	18	0
TCACAGTGAACCGGTCTTTTTA	hsa-miR-128-3p	18TC	A	0	0	0	2
TTTCAGTCGGATGTTTGCAGC	hsa-miR-30a-3p	0	0	0	0	0	114
TGTAAACATCCTCGACTGCAAGCT	hsa-miR-30a-5p	19CG	0	0	CT	14	0
AACATTCATTGCTGTCGGTGAGA	hsa-miR-181b-5p	21AG23-T	A	0	0	0	10
AACATTCATTGCTGTCGGTGAGG	hsa-miR-181b-5p	21AG23GT	0	0	0	0	8
AACATTCATTGCTGTCGGTGAGT	hsa-miR-181b-5p	21AG	0	0	0	0	76
AACATTCATTGCTGTCGGTGGGTAAA	hsa-miR-181b-5p	0	AAA	0	0	0	12
AACATTCATTGCTGTCGGTGGGTAAT	hsa-miR-181b-5p	0	AAT	0	0	0	8
AACATTCATTGCTGTCGGGGAT	hsa-miR-181b-5p	18-G19-T23-T	AT	0	0	0	2
TTCGGTTCTCAGGGCTCCACC	hsa-miR-671-3p	2TC	0	0	0	0	2
TAAGGTAGTAGGTTGTGTGC	hsa-let-7b-5p	2AG20-G21-T22-T	C	0	0	0	2
TAAGGTAGTAGGTTGTGTGG	hsa-let-7b-5p	2AG21-T22-T	0	0	0	0	22
TGAGGCAGTAGGTTGTGTGGGT	hsa-let-7b-5p	6CT21-T22-T	GT	0	0	0	2
TGCAAACATCCTACACTCTCA	hsa-miR-30c-5p	3CT22-G23-C	0	0	0	0	4
CTCTCACCACTGCCCTCCCACAG	hsa-miR-1229-3p	0	0	0	0	0	6
CATCCCTTGCATGGTGGAGGG	hsa-miR-188-5p	0	0	0	0	0	8
TGCGCAAATCCATGCAAAACTGA	hsa-miR-19b-3p	3CT	0	0	0	0	4
TTTCCGGCTCGCGTGGGCGTGG	hsa-miR-1180-3p	18CT22-T	G	0	0	0	2
TGAGGAAGTAAGTTGTATTGTTA	hsa-miR-98-5p	6AT	A	0	0	0	2
TAAGGCACGCGGTGAATGCCAATT	hsa-miR-124-3p	0	TT	0	AAGA	0	3
TAAGGCACGCGGTGAATCCC	hsa-miR-124-3p	18CG	0	0	0	0	4
AAACCGTTGCCATTACTGAGT	hsa-miR-451a	9GA22-T	0	0	0	0	2
AACTGGATCAATTATAGGAGT	hsa-miR-1243	0	0	0	0	0	7
TGAGGGAGTAGGGTGTATAGGT	hsa-miR-6129	10AT22-A	T	0	GGA	0	6
GGTAGTAGATTGTATAGTT	hsa-let-7f-5p	0	0	0	0	0	25
TGAGGTGGTAGATTGTATAGTT	hsa-let-7f-5p	7GA	0	0	0	0	28
TGAGGTAGTAGATTGCATAGT	hsa-let-7f-5p	16CT22-T	0	0	0	0	19
TTCCCGGCCAACGCACCAT	hsa-miR-7977	6GA	T	0	0	0	25
TGAGGTAGTAGGCTGTATAGAT	hsa-let-7a-5p	13CT21-T22-T	AT	0	0	0	3
TGAGGAAGTAGGTTGTATAGC	hsa-let-7a-5p	6AT21-T22-T	C	0	0	0	5
TGAGGAAGTAGGTTGTATAGG	hsa-let-7a-5p	6AT21-T22-T	G	0	0	0	3
TGAGGTAGTAGGTTGTATAGCT	hsa-let-7a-5p	0	CT	0	0	0	270
TTGAGAGGCTATTTCTTGGT	hsa-miR-488-3p	5GA21-C	0	0	0	0	3
TCCAGCATCAGCGATTTTGTTT	hsa-miR-338-3p	12CT22-G	T	0	0	0	2
TATTGCACTCGTCCCGGCCTAAC	hsa-miR-92b-3p	21A-22AC	0	0	0	0	4
TATTGCACTCGTCCCGGCCTAAA	hsa-miR-92b-3p	0	AAA	0	0	0	152
TATTGCACTCGTCCCGGCCTAAG	hsa-miR-92b-3p	21AC22AC	0	0	G	0	27
TATTGCACTCGTCCCGGCCTAAT	hsa-miR-92b-3p	0	AAT	0	0	0	51
GAGCGCCTCGACGACAGAGCC	hsa-miR-339-3p	0	0	0	0	0	5
ATCATCGTCTCAAATGAGTCTC	hsa-miR-136-3p	0	C	0	0	0	8
CAAAGTGCTGTTCGTGCAGGTAGC	hsa-miR-93-5p	0	C	0	0	0	20
TTCCCTTTGTTATCCTATGCCT	hsa-miR-204-5p	11TC	0	0	0	0	24
ATGGTAGACCGTATAGCGTACG	hsa-miR-411-5p	3GA	0	A	0	0	2
ATTGTCCTTGCTGTTTGGAAA	hsa-miR-2355-3p	0	AA	0	0	0	4
AGGCAGTGTCATTAGCTGAT	hsa-miR-34b-5p	0	0	0	0	0	2
GTAAACATCCTTGACTGGAAGCT	hsa-miR-30e-5p	0	0	0	CT	0	2633
GTAAACATCCTTGACTGGAAGCG	hsa-miR-30e-5p	0	G	0	CT	0	121
GTAAACATCCTTGACTGGAAGCA	hsa-miR-30e-5p	0	A	0	CT	0	99
GTAAACATCCTTGACTGGAAGCC	hsa-miR-30e-5p	0	C	0	CT	0	219
AATTTCACGGTATCCATCTGT	hsa-miR-363-3p	5TG22-A	0	0	0	0	2
AGGCAGTGTAGTTAGCTGATTG	hsa-miR-34c-5p	0	0	0	0	0	103
TCAGTGCATCACAGAACTT	hsa-miR-148b-3p	0	0	0	0	0	81
TTCAAGTAATTCAGGTTAGGGT	hsa-miR-26b-5p	16TA21-T	GT	0	0	0	2
ACAGGTGAGGTTCTTGGGA	hsa-miR-125a-3p	0	0	0	0	0	3
TCTCTCGGCTCCTCGCGGCTCAT	hsa-miR-3615	0	AT	0	0	0	3
AACCCGTAGATTCGAACTTGTG	hsa-miR-100-5p	12TC	0	0	0	0	20
TGAGATGAAGCACTGTAGCTCTAG	hsa-miR-143-3p	22TA23AG	0	0	AGG	0	7
CATTATTACCTTTGGTACGCA	hsa-miR-126-5p	10CT21-G	A	0	0	0	4
CATTATTACCTTTGGTACGCC	hsa-miR-126-5p	10CT21-G	C	0	0	0	6
CATTATTACCTTTGGTACGCG	hsa-miR-126-5p	10CT	0	0	0	0	29
